0,1,2,3
"HP:0000075,HP:0000098",Nessuna corrispondenza,Nessuna corrispondenza,Nessuna corrispondenza
"HP:0000080,HP:0000264",Nessuna corrispondenza,Nessuna corrispondenza,Nessuna corrispondenza
"HP:0000127,HP:0000306",Nessuna corrispondenza,Nessuna corrispondenza,Nessuna corrispondenza
"HP:0000144,HP:0000309",Nessuna corrispondenza,Nessuna corrispondenza,Nessuna corrispondenza
"HP:0000223,HP:0000360",Nessuna corrispondenza,Nessuna corrispondenza,Nessuna corrispondenza
"HP:0000224,HP:0000364",Nessuna corrispondenza,Nessuna corrispondenza,Nessuna corrispondenza
"HP:0000240,HP:0000372",Nessuna corrispondenza,Nessuna corrispondenza,Nessuna corrispondenza
"HP:0000264,HP:0000464",Nessuna corrispondenza,Nessuna corrispondenza,Nessuna corrispondenza
"HP:0000290,HP:0000472",Nessuna corrispondenza,Nessuna corrispondenza,Nessuna corrispondenza
"HP:0000291,HP:0000520",Nessuna corrispondenza,Nessuna corrispondenza,Nessuna corrispondenza
"HP:0000309,HP:0000528",Nessuna corrispondenza,Nessuna corrispondenza,Nessuna corrispondenza
"HP:0000316,HP:0000540",Nessuna corrispondenza,Nessuna corrispondenza,Nessuna corrispondenza
"HP:0000360,HP:0000549",Nessuna corrispondenza,Nessuna corrispondenza,Nessuna corrispondenza
"HP:0000364,HP:0000551",Nessuna corrispondenza,Nessuna corrispondenza,Nessuna corrispondenza
"HP:0000370,HP:0000568",Nessuna corrispondenza,Nessuna corrispondenza,Nessuna corrispondenza
"HP:0000372,HP:0000570",Nessuna corrispondenza,Nessuna corrispondenza,Nessuna corrispondenza
"HP:0000377,HP:0000588",Nessuna corrispondenza,Nessuna corrispondenza,Nessuna corrispondenza
"HP:0000464,HP:0000589",Nessuna corrispondenza,Nessuna corrispondenza,Nessuna corrispondenza
"HP:0000465,HP:0000591",Nessuna corrispondenza,Nessuna corrispondenza,Nessuna corrispondenza
"HP:0000472,HP:0000592",Nessuna corrispondenza,Nessuna corrispondenza,Nessuna corrispondenza
"HP:0000475,HP:0000593",Nessuna corrispondenza,Nessuna corrispondenza,Nessuna corrispondenza
"HP:0000490,HP:0000769",Nessuna corrispondenza,Nessuna corrispondenza,Nessuna corrispondenza
"HP:0000496,HP:0000771",Nessuna corrispondenza,Nessuna corrispondenza,Nessuna corrispondenza
"HP:0000501,HP:0000775",Nessuna corrispondenza,Nessuna corrispondenza,Nessuna corrispondenza
"HP:0000505,HP:0000777",Nessuna corrispondenza,Nessuna corrispondenza,Nessuna corrispondenza
"HP:0000508,HP:0000778",Nessuna corrispondenza,Nessuna corrispondenza,Nessuna corrispondenza
"HP:0000517,HP:0000809",Nessuna corrispondenza,Nessuna corrispondenza,Nessuna corrispondenza
"HP:0000528,HP:0000816",Nessuna corrispondenza,Nessuna corrispondenza,Nessuna corrispondenza
"HP:0000540,HP:0000823",Nessuna corrispondenza,Nessuna corrispondenza,Nessuna corrispondenza
"HP:0000542,HP:0000828",Nessuna corrispondenza,Nessuna corrispondenza,Nessuna corrispondenza
"HP:0000545,HP:0000829",Nessuna corrispondenza,Nessuna corrispondenza,Nessuna corrispondenza
"HP:0000551,HP:0000835",Nessuna corrispondenza,Nessuna corrispondenza,Nessuna corrispondenza
"HP:0000554,HP:0000839",Nessuna corrispondenza,Nessuna corrispondenza,Nessuna corrispondenza
"HP:0000568,HP:0000840",Nessuna corrispondenza,Nessuna corrispondenza,Nessuna corrispondenza
"HP:0000570,HP:0000841",Nessuna corrispondenza,Nessuna corrispondenza,Nessuna corrispondenza
"HP:0000588,HP:0000842",Nessuna corrispondenza,Nessuna corrispondenza,Nessuna corrispondenza
"HP:0000589,HP:0000846",Nessuna corrispondenza,Nessuna corrispondenza,Nessuna corrispondenza
"HP:0000591,HP:0000847",Nessuna corrispondenza,Nessuna corrispondenza,Nessuna corrispondenza
"HP:0000592,HP:0000848",Nessuna corrispondenza,Nessuna corrispondenza,Nessuna corrispondenza
"HP:0000593,HP:0000849",Nessuna corrispondenza,Nessuna corrispondenza,Nessuna corrispondenza
"HP:0000597,HP:0000852",Nessuna corrispondenza,Nessuna corrispondenza,Nessuna corrispondenza
"HP:0000601,HP:0000853",Nessuna corrispondenza,Nessuna corrispondenza,Nessuna corrispondenza
"HP:0000606,HP:0000855",Nessuna corrispondenza,Nessuna corrispondenza,Nessuna corrispondenza
"HP:0000610,HP:0000857",Nessuna corrispondenza,Nessuna corrispondenza,Nessuna corrispondenza
"HP:0000613,HP:0000863",Nessuna corrispondenza,Nessuna corrispondenza,Nessuna corrispondenza
"HP:0000617,HP:0000872",Nessuna corrispondenza,Nessuna corrispondenza,Nessuna corrispondenza
"HP:0000622,HP:0000873",Nessuna corrispondenza,Nessuna corrispondenza,Nessuna corrispondenza
"HP:0000632,HP:0000877",Nessuna corrispondenza,Nessuna corrispondenza,Nessuna corrispondenza
"HP:0000649,HP:0000927",Nessuna corrispondenza,Nessuna corrispondenza,Nessuna corrispondenza
"HP:0000657,HP:0000929",Nessuna corrispondenza,Nessuna corrispondenza,Nessuna corrispondenza
"HP:0000662,HP:0000943",Nessuna corrispondenza,Nessuna corrispondenza,Nessuna corrispondenza
"HP:0000743,HP:0000965",Nessuna corrispondenza,Nessuna corrispondenza,Nessuna corrispondenza
"HP:0000763,HP:0000969",Nessuna corrispondenza,Nessuna corrispondenza,Nessuna corrispondenza
"HP:0000769,HP:0000971",Nessuna corrispondenza,Nessuna corrispondenza,Nessuna corrispondenza
"HP:0000771,HP:0000975",Nessuna corrispondenza,Nessuna corrispondenza,Nessuna corrispondenza
"HP:0000775,HP:0000978",Nessuna corrispondenza,Nessuna corrispondenza,Nessuna corrispondenza
"HP:0000777,HP:0000979",Nessuna corrispondenza,Nessuna corrispondenza,Nessuna corrispondenza
"HP:0000778,HP:0000980",Nessuna corrispondenza,Nessuna corrispondenza,Nessuna corrispondenza
"HP:0000795,HP:0000989",Nessuna corrispondenza,Nessuna corrispondenza,Nessuna corrispondenza
"HP:0000809,HP:0001000",Nessuna corrispondenza,Nessuna corrispondenza,Nessuna corrispondenza
"HP:0000816,HP:0001025",Nessuna corrispondenza,Nessuna corrispondenza,Nessuna corrispondenza
"HP:0000821,HP:0001029",Nessuna corrispondenza,Nessuna corrispondenza,Nessuna corrispondenza
"HP:0000823,HP:0001067",Nessuna corrispondenza,Nessuna corrispondenza,Nessuna corrispondenza
"HP:0000826,HP:0001072",Nessuna corrispondenza,Nessuna corrispondenza,Nessuna corrispondenza
"HP:0000828,HP:0001090",Nessuna corrispondenza,Nessuna corrispondenza,Nessuna corrispondenza
"HP:0000835,HP:0001195",Nessuna corrispondenza,Nessuna corrispondenza,Nessuna corrispondenza
"HP:0000836,HP:0001196",Nessuna corrispondenza,Nessuna corrispondenza,Nessuna corrispondenza
