Result,Oracle,Time
['HP:0410030', 'HP:0009836', 'HP:0012577', 'HP:0002645', 'HP:0000980', 'HP:0012432', 'HP:0002094'],["'HP:0010414'", "'HP:0000921'", "'HP:0012577'", "'HP:0000175'", "'HP:0012800'", "'HP:0001017'"],214.17342615127563
['HP:0010583', 'HP:0100540', 'HP:0000081', 'HP:0000031', 'HP:0005918', 'HP:0000224', 'HP:0010176'],["'HP:0004223'", "'HP:0100540'", "'HP:0005580'", "'HP:0000031'", "'HP:0004931'", "'HP:0010208'", "'HP:0000224'", "'HP:0011918'"],238.01670098304749
['HP:0000815', 'HP:0001723', 'HP:0000609', 'HP:0009944', 'HP:0012432', 'HP:0001324', 'HP:0000662', 'HP:0000771', 'HP:0000028', 'HP:0001723', 'HP:0000505'],["'HP:0000044'", "'HP:0001685'", "'HP:0000237'", "'HP:0000609'", "'HP:0009616'"],204.4260663986206
['HP:0003251', 'HP:0003419', 'HP:0000407', 'HP:0011297'],["'HP:0000144'", "'HP:0005106'", "'HP:0012717'", "'HP:0010367'"],114.1245470046997
['HP:0000505', 'HP:0007703', 'HP:0001347', 'HP:0007375', 'HP:0002148', 'HP:0000347'],["'HP:0000476'", "'HP:0000306'", "'HP:0011529'", "'HP:0001348'", "'HP:0002389'", "'HP:0010685'", "'HP:0012217'"],150.4214026927948
['HP:0001928', 'HP:0000992', 'HP:0011451', 'HP:0001498', 'HP:0007957', 'HP:0002823', 'HP:0003042'],["'HP:0008148'", "'HP:0007207'", "'HP:0011451'", "'HP:0004231'", "'HP:0007727'", "'HP:0005715'", "'HP:0005070'"],189.1768913269043
['HP:0003177', 'HP:0001087'],["'HP:0003177'", "'HP:0009737'", "'HP:0001087'", "'HP:0004366'", "'HP:0100438'", "'HP:0001605'"],195.7953884601593
['HP:0010307', 'HP:0000316', 'HP:0005930', 'HP:0011182', 'HP:0010841'],["'HP:0004886'", "'HP:0000316'", "'HP:0010253'", "'HP:0200147'", "'HP:0011288'", "'HP:0200018'", "'HP:0011197'"],189.64419198036194
['HP:0012288', 'HP:0002837', 'HP:0007663', 'HP:0009085'],["'HP:0012288'", "'HP:0006538'", "'HP:0100724'", "'HP:0000529'", "'HP:0009100'", "'HP:0011243'", "'HP:0100737'", "'HP:0012408'"],244.6686887741089
['HP:0011375', 'HP:0009438', 'HP:0006482', 'HP:0430009', 'HP:0100259', 'HP:0000316', 'HP:0002656'],["'HP:0011375'", "'HP:0009438'", "'HP:0006486'", "'HP:0000508'", "'HP:0100448'", "'HP:0005463'", "'HP:0010131'"],176.85666394233704
['HP:0000518', 'HP:0000978', 'HP:0005930', 'HP:0001263', 'HP:0000405', 'HP:0001892', 'HP:0002948'],["'HP:0010697'", "'HP:0012233'", "'HP:0100170'", "'HP:0008855'", "'HP:0008598'", "'HP:0012344'", "'HP:0006298'", "'HP:0003305'"],165.7263662815094
['HP:0000230', 'HP:0000540', 'HP:0000739', 'HP:0001498', 'HP:0100520', 'HP:0000303', 'HP:0000452'],["'HP:0011059'", "'HP:0000483'", "'HP:0100852'", "'HP:0004237'", "'HP:0003158'", "'HP:0005321'", "'HP:0000452'"],165.8378791809082
['HP:0000551', 'HP:0008551', 'HP:0000811'],["'HP:0200018'", "'HP:0000394'", "'HP:0000055'"],73.91926956176758
['HP:0000496', 'HP:0001649', 'HP:0003355', 'HP:0009016', 'HP:0007957', 'HP:0025454'],["'HP:0000590'", "'HP:0011690'", "'HP:0007536'", "'HP:0010385'", "'HP:0003168'", "'HP:0005036'", "'HP:0011494'", "'HP:0011977'"],172.2770311832428
['HP:0011468', 'HP:0010655', 'HP:0012675', 'HP:0010049', 'HP:0001100', 'HP:0100960', 'HP:0001191'],["'HP:0100033'", "'HP:0009399'", "'HP:0012675'", "'HP:0005720'", "'HP:0006837'", "'HP:0011601'", "'HP:0004256'"],175.81196093559265
['HP:0000505', 'HP:0010055', 'HP:0012680', 'HP:0001511'],["'HP:0001152'", "'HP:0010748'", "'HP:0010083'", "'HP:0012687'", "'HP:0008846'"],111.95365381240845
[],["'HP:0100289'", "'HP:0011863'", "'HP:0010691'", "'HP:0012424'", "'HP:3000063'"],147.87822842597961
['HP:0000162', 'HP:0000175', 'HP:0032613', 'HP:0001822'],["'HP:0010729'", "'HP:0007703'", "'HP:0000201'", "'HP:0007576'", "'HP:0001917'", "'HP:0100345'", "'HP:0008366'", "'HP:0100693'"],240.3198437690735
['HP:0002331', 'HP:0002666'],["'HP:0000789'", "'HP:0011766'", "'HP:0100618'", "'HP:0010416'", "'HP:0002330'", "'HP:0006554'", "'HP:0003402'"],210.42205929756165
['HP:0000347', 'HP:0000347', 'HP:0000151', 'HP:0008070'],["'HP:0000306'", "'HP:0012337'", "'HP:0100708'", "'HP:0000151'", "'HP:0002299'"],77.82029318809509
['HP:0000662', 'HP:0004467', 'HP:0001507', 'HP:0012398', 'HP:0000829', 'HP:0003999'],["'HP:0000829'", "'HP:0007675'", "'HP:0008633'", "'HP:0007609'", "'HP:0009902'", "'HP:0004004'", "'HP:0001548'", "'HP:0003998'"],105.20011949539185
['HP:0012608', 'HP:0002656', 'HP:0002161', 'HP:0002666', 'HP:0033834', 'HP:0012378', 'HP:0001324', 'HP:0002659'],["'HP:0012607'", "'HP:0100139'", "'HP:0100319'", "'HP:0010907'", "'HP:0006748'"],145.81901121139526
['HP:0000072', 'HP:0003202', 'HP:0001324', 'HP:0012109', 'HP:0002076', 'HP:0410030', 'HP:0002656', 'HP:0000031'],["'HP:0000070'", "'HP:0009786'", "'HP:0004328'", "'HP:0002077'", "'HP:0000202'", "'HP:0009532'", "'HP:0000031'"],155.20546984672546
['HP:0011135', 'HP:0000958', 'HP:0000798', 'HP:0000110', 'HP:0000010'],["'HP:0011135'", "'HP:0012041'", "'HP:0012575'", "'HP:0012786'"],96.71506881713867
['HP:0010628', 'HP:0000324', 'HP:0030001', 'HP:0030319', 'HP:0010992', 'HP:0100134'],["'HP:0012799'", "'HP:0010992'", "'HP:0100134'", "'HP:0011664'", "'HP:0004442'"],164.32630133628845
['HP:0002839', 'HP:0033000', 'HP:0010885', 'HP:0002982', 'HP:0000107', 'HP:0002728'],["'HP:0005340'", "'HP:0010919'", "'HP:0100744'", "'HP:0100776'", "'HP:0100186'", "'HP:0002979'", "'HP:0012782'", "'HP:0005411'"],176.2544732093811
['HP:0410281', 'HP:0030835', 'HP:0012378', 'HP:0002020', 'HP:0001386', 'HP:0002996', 'HP:0004322', 'HP:0034323', 'HP:0002036', 'HP:0003040'],["'HP:0000076'", "'HP:0003946'", "'HP:0000824'"],178.46502590179443
['HP:0000540', 'HP:0000618', 'HP:0010744', 'HP:0010579', 'HP:0000668', 'HP:0000787', 'HP:0001298', 'HP:0001649'],["'HP:0000484'", "'HP:0012580'", "'HP:0001649'", "'HP:0010037'", "'HP:0009395'", "'HP:0011050'", "'HP:0007875'", "'HP:0006929'"],153.47428488731384
['HP:0001582', 'HP:0001382', 'HP:0005274', 'HP:0000110', 'HP:0100258', 'HP:0001650'],["'HP:0005989'", "'HP:0100872'", "'HP:0005072'", "'HP:0001650'", "'HP:0011833'", "'HP:0008660'", "'HP:0009615'"],135.38115644454956
['HP:0000540', 'HP:0000618', 'HP:0010744', 'HP:0010579', 'HP:0000668', 'HP:0000787', 'HP:0001298', 'HP:0001649'],["'HP:0000484'", "'HP:0012580'", "'HP:0001649'", "'HP:0010037'", "'HP:0009395'", "'HP:0011050'", "'HP:0007875'", "'HP:0006929'"],153.2660641670227
['HP:0000164', 'HP:0003173', 'HP:0012531', 'HP:0000603'],["'HP:0006481'", "'HP:0002225'", "'HP:0000921'", "'HP:0001504'", "'HP:0010894'", "'HP:0100599'", "'HP:0001125'"],136.4836151599884
['HP:0012887', 'HP:0000411', 'HP:0009854', 'HP:0002216', 'HP:0004570', 'HP:0100661', 'HP:0001263'],["'HP:0012887'", "'HP:0011263'", "'HP:0009854'", "'HP:0009887'", "'HP:0004570'", "'HP:0010824'", "'HP:0007281'", "'HP:0004285'"],163.4985978603363
['HP:0005991', 'HP:0000528', 'HP:0000071'],["'HP:0002544'", "'HP:0200108'", "'HP:0012692'", "'HP:0000528'", "'HP:0000067'"],84.67017865180969
['HP:0002435', 'HP:0000973', 'HP:0030319', 'HP:0012841', 'HP:0000068', 'HP:0000508', 'HP:0009882'],["'HP:0007293'", "'HP:0001582'", "'HP:3000004'", "'HP:0007801'", "'HP:0000068'", "'HP:0007838'", "'HP:0009507'"],131.38696765899658
['HP:0001156', 'HP:0000347', 'HP:0001159', 'HP:0000219', 'HP:0008986', 'HP:0100639', 'HP:0000821', 'HP:0007378'],["'HP:0001857'", "'HP:0003778'", "'HP:0100639'", "'HP:0000821'", "'HP:0009995'", "'HP:0007378'", "'HP:0000064'", "'HP:0009112'"],162.01380228996277
['HP:0010784', 'HP:0001723', 'HP:0000267', 'HP:0000782', 'HP:0003949', 'HP:0001321'],["'HP:0010784'", "'HP:0000134'", "'HP:0005130'", "'HP:0007027'", "'HP:0011912'", "'HP:0003949'", "'HP:0002678'"],146.81486201286316
['HP:0012622', 'HP:0003234', 'HP:0010231', 'HP:0000691', 'HP:0001028', 'HP:0011387', 'HP:0011234'],["'HP:0003234'", "'HP:0000112'", "'HP:0006035'", "'HP:0000691'", "'HP:0012329'", "'HP:0011387'", "'HP:0012408'", "'HP:0011234'"],159.0631079673767
['HP:0010528', 'HP:5201016', 'HP:0007642', 'HP:0009600'],["'HP:0010528'", "'HP:0011819'", "'HP:0007642'", "'HP:0009600'"],98.55777597427368
['HP:0410030', 'HP:0009836', 'HP:0012577', 'HP:0002645', 'HP:0000980', 'HP:0001903', 'HP:0012432', 'HP:0002094'],["'HP:0010414'", "'HP:0000921'", "'HP:0012577'", "'HP:0000175'", "'HP:0012800'", "'HP:0001017'"],165.244282245636
['HP:0010583', 'HP:0100540', 'HP:0000081', 'HP:0000031', 'HP:0005918', 'HP:0000224', 'HP:0010176'],["'HP:0004223'", "'HP:0100540'", "'HP:0005580'", "'HP:0000031'", "'HP:0004931'", "'HP:0010208'", "'HP:0000224'", "'HP:0011918'"],187.30015683174133
['HP:0011862', 'HP:0001324', 'HP:0003324', 'HP:0004430', 'HP:0000010', 'HP:0000846', 'HP:0100539', 'HP:0003212'],["'HP:0011862'", "'HP:0003665'", "'HP:0004430'", "'HP:0012330'", "'HP:0008182'", "'HP:0000629'", "'HP:0003212'"],152.63330602645874
['HP:0010583', 'HP:0000699', 'HP:0000365', 'HP:0000971'],["'HP:0012546'", "'HP:0004695'", "'HP:0200096'", "'HP:0006316'", "'HP:0000365'", "'HP:0012333'"],113.52587080001831
['HP:0100101', 'HP:0004032', 'HP:0001167', 'HP:0100555', 'HP:0000238', 'HP:0002539', 'HP:0001336'],["'HP:0010139'", "'HP:0100775'", "'HP:0004032'", "'HP:0009441'", "'HP:0010878'", "'HP:0007095'", "'HP:0000643'", "'HP:0001528'"],141.21456265449524
['HP:0000575', 'HP:0006336', 'HP:0008986', 'HP:0007750', 'HP:0002270', 'HP:0000602'],["'HP:0000575'", "'HP:0000685'", "'HP:0009112'", "'HP:0008060'", "'HP:0012331'", "'HP:0007650'"],128.16413164138794
['HP:0000815', 'HP:0001723', 'HP:0000609', 'HP:0009944', 'HP:0012432', 'HP:0001324', 'HP:0000662', 'HP:0000771', 'HP:0000028', 'HP:0001723', 'HP:0000505'],["'HP:0000044'", "'HP:0001685'", "'HP:0000237'", "'HP:0000609'", "'HP:0009616'"],167.08606791496277
['HP:0000365', 'HP:0002719', 'HP:0001382', 'HP:0000324', 'HP:0010461', 'HP:0002617', 'HP:0001650', 'HP:0002352'],["'HP:0006698'", "'HP:0010883'", "'HP:0008596'", "'HP:0005376'", "'HP:0001388'", "'HP:0006859'", "'HP:0012799'", "'HP:0000025'"],144.3889172077179
['HP:0010578', 'HP:0100812', 'HP:0003113', 'HP:0005328', 'HP:0500087'],["'HP:0005360'", "'HP:0009262'", "'HP:0100812'", "'HP:0005579'", "'HP:0007495'", "'HP:0000465'", "'HP:0007950'"],169.7272379398346
['HP:0009835', 'HP:0009832', 'HP:0001945', 'HP:0005487', 'HP:0005930'],["'HP:0005807'", "'HP:0001955'", "'HP:0009260'", "'HP:0011223'"],122.40318417549133
['HP:0000528', 'HP:0041166', 'HP:0009726', 'HP:5200015', 'HP:0000954'],["'HP:0012674'", "'HP:0012470'", "'HP:0005877'", "'HP:0008663'", "'HP:0000338'", "'HP:0006184'"],142.50118207931519
['HP:0000365', 'HP:0002719', 'HP:0001382', 'HP:0000324', 'HP:0010461', 'HP:0002617', 'HP:0001650', 'HP:0002352'],["'HP:0006698'", "'HP:0010883'", "'HP:0008596'", "'HP:0005376'", "'HP:0001388'", "'HP:0006859'", "'HP:0012799'", "'HP:0000025'"],145.41191935539246
['HP:0005930', 'HP:0012781', 'HP:0009701'],["'HP:0012395'", "'HP:0009495'", "'HP:0012781'", "'HP:0009703'", "'HP:3000030'", "'HP:0012254'"],102.65371227264404
['HP:0000407', 'HP:0003202', 'HP:0002619', 'HP:0008226', 'HP:0000625', 'HP:0010582'],["'HP:0000407'", "'HP:0009037'", "'HP:0002619'", "'HP:0008226'", "'HP:0008050'", "'HP:0100116'"],137.62250328063965
['HP:0009882', 'HP:0002084', 'HP:0012085', 'HP:0005789', 'HP:0001320', 'HP:0003074'],["'HP:0010568'", "'HP:0100097'", "'HP:0006888'", "'HP:0100586'", "'HP:0005665'", "'HP:0002333'", "'HP:0008255'"],155.45137214660645
['HP:0004322', 'HP:0004325', 'HP:0009618', 'HP:0100259', 'HP:0410030', 'HP:0000411', 'HP:0001510'],["'HP:0008240'", "'HP:0009663'", "'HP:0009985'", "'HP:0100335'", "'HP:0006350'", "'HP:0000391'"],137.98315358161926
['HP:0011869', 'HP:0005924', 'HP:0009772', 'HP:0008322', 'HP:0009772', 'HP:0031703'],["'HP:0003191'", "'HP:0011869'", "'HP:0011248'", "'HP:0009174'", "'HP:0100919'", "'HP:0003548'", "'HP:0100926'", "'HP:0002392'"],210.31789422035217
['HP:0010432', 'HP:0007417', 'HP:0004950', 'HP:0001695', 'HP:0012703', 'HP:0009738'],["'HP:0010432'", "'HP:0001645'", "'HP:0007772'", "'HP:0005114'", "'HP:0007417'", "'HP:0004312'", "'HP:0012703'", "'HP:0011244'"],150.1217963695526
['HP:0008573', 'HP:0000303', 'HP:0030072', 'HP:0001657', 'HP:0000689'],["'HP:0001757'", "'HP:0000303'", "'HP:0004407'", "'HP:0001657'"],96.65277242660522
['HP:0000365', 'HP:0002719', 'HP:0001382', 'HP:0000324', 'HP:0010461', 'HP:0002617', 'HP:0001650', 'HP:0002352'],["'HP:0006698'", "'HP:0010883'", "'HP:0008596'", "'HP:0005376'", "'HP:0001388'", "'HP:0006859'", "'HP:0012799'", "'HP:0000025'"],144.3779604434967
['HP:0000407', 'HP:0001279', 'HP:0010807', 'HP:0100661', 'HP:0009381', 'HP:0000528', 'HP:0000520', 'HP:0000505'],["'HP:0008619'", "'HP:0012669'", "'HP:0200095'", "'HP:0012534'", "'HP:0006230'", "'HP:0006837'"],145.65985536575317
['HP:0000219', 'HP:0012471', 'HP:0006101', 'HP:0005280'],["'HP:0010800'", "'HP:0012880'", "'HP:0003234'", "'HP:0001539'", "'HP:0009970'", "'HP:0005281'"],90.62856864929199
['HP:0000011', 'HP:0011302', 'HP:0001177', 'HP:0009915', 'HP:0003808', 'HP:0000431'],["'HP:0010956'", "'HP:0011302'", "'HP:0009606'", "'HP:0009915'", "'HP:0003808'", "'HP:0012810'", "'HP:0200041'"],162.59570217132568
['HP:0009543', 'HP:0011001', 'HP:0009826', 'HP:0001634', 'HP:0000174', 'HP:0005273'],["'HP:0004157'", "'HP:0005250'", "'HP:0100903'", "'HP:0100553'", "'HP:0001634'", "'HP:0002707'", "'HP:0004243'", "'HP:0009935'"],176.2983820438385
['HP:0010312', 'HP:0009882', 'HP:0012785', 'HP:0011886', 'HP:0031487', 'HP:0005830', 'HP:0032408'],["'HP:0010312'", "'HP:0010243'", "'HP:0011454'", "'HP:0011886'", "'HP:0000214'", "'HP:0010345'", "'HP:0100013'"],168.09792280197144
['HP:0003394', 'HP:0005216', 'HP:0007269', 'HP:0000568', 'HP:0004467', 'HP:0000381', 'HP:0007618', 'HP:0001324', 'HP:0001104', 'HP:0001631', 'HP:0000211'],["'HP:0002356'", "'HP:0005216'", "'HP:0009067'", "'HP:0000601'", "'HP:0008523'", "'HP:0003275'", "'HP:0007943'", "'HP:0002764'"],240.85800218582153
['HP:0007676', 'HP:0007731', 'HP:0000413', 'HP:0001197'],["'HP:0008053'", "'HP:0007731'", "'HP:0012523'", "'HP:0000372'", "'HP:0012349'", "'HP:0012249'", "'HP:0100374'"],156.23360133171082
['HP:0011817', 'HP:0001631', 'HP:0000567', 'HP:0005930', 'HP:0001850', 'HP:0002353'],["'HP:0006888'", "'HP:0010855'", "'HP:0011267'", "'HP:0000567'", "'HP:0010160'", "'HP:0004679'", "'HP:0003990'"],148.3137743473053
['HP:0001660', 'HP:0032445', 'HP:0010490', 'HP:0000763', 'HP:0000458', 'HP:0011123', 'HP:0008112'],["'HP:0011610'", "'HP:0100632'", "'HP:0006143'", "'HP:0003390'", "'HP:0010632'", "'HP:0011123'", "'HP:0008112'", "'HP:0012709'"],182.01717066764832
['HP:0000842', 'HP:0002308'],["'HP:0008283'", "'HP:0000514'", "'HP:0005997'", "'HP:0010587'", "'HP:0002085'"],125.22523260116577
['HP:0003323', 'HP:0001288', 'HP:0003202', 'HP:0002059', 'HP:0100255', 'HP:0002813', 'HP:0003198'],["'HP:0002059'", "'HP:0006490'", "'HP:0005402'", "'HP:0005930'", "'HP:3000013'"],200.06794619560242
['HP:0003323', 'HP:0001288'],["'HP:0002059'", "'HP:0006490'", "'HP:0005402'", "'HP:0005930'", "'HP:3000013'"],214.53737711906433
['HP:0003691', 'HP:0000618', 'HP:0001744', 'HP:0009811', 'HP:0005343', 'HP:0001257'],["'HP:0000465'", "'HP:0200068'", "'HP:0006268'", "'HP:0003949'", "'HP:0010477'", "'HP:0006921'"],113.5710654258728
['HP:0100101', 'HP:0004032', 'HP:0001167', 'HP:0100555', 'HP:0000238', 'HP:0002539', 'HP:0001336'],["'HP:0010139'", "'HP:0100775'", "'HP:0004032'", "'HP:0009441'", "'HP:0010878'", "'HP:0007095'", "'HP:0000643'", "'HP:0001528'"],139.800518989563
['HP:0033748', 'HP:0007957', 'HP:0007663', 'HP:0012029', 'HP:0000016', 'HP:0031095'],["'HP:0010830'", "'HP:0007957'", "'HP:0003117'", "'HP:0000009'", "'HP:0003860'", "'HP:0100449'"],158.21810364723206
['HP:0008551', 'HP:0000298', 'HP:0000155', 'HP:0000456', 'HP:0100255'],["'HP:0012040'", "'HP:0100687'", "'HP:0000298'", "'HP:3000019'", "'HP:0004112'", "'HP:0006423'", "'HP:0011751'", "'HP:0009800'"],139.79336977005005
['HP:0000505', 'HP:0001263', 'HP:0030823', 'HP:0007750', 'HP:0002415', 'HP:0010885', 'HP:0004646', 'HP:0002500'],["'HP:0000647'", "'HP:0007750'", "'HP:0006926'", "'HP:0009202'", "'HP:0010940'"],165.42624354362488
['HP:0011496', 'HP:0040078', 'HP:0001324'],["'HP:0003319'", "'HP:0003080'", "'HP:0011496'", "'HP:0003447'"],174.42911791801453
['HP:0000466', 'HP:0007731', 'HP:0003759', 'HP:0009882', 'HP:0000491', 'HP:0000509', 'HP:0030953', 'HP:0100774', 'HP:0001382'],["'HP:0010213'", "'HP:0007731'", "'HP:0003759'", "'HP:0010415'", "'HP:0001096'", "'HP:0010080'", "'HP:0010504'", "'HP:0004269'"],226.9685869216919
['HP:0001097', 'HP:0000518'],["'HP:0010836'", "'HP:0001097'", "'HP:0002396'", "'HP:0010920'", "'HP:0009586'", "'HP:0010942'"],130.28045463562012
['HP:0000602', 'HP:0002634', 'HP:0100539', 'HP:0010978', 'HP:0001239', 'HP:0001156', 'HP:0002310', 'HP:0002970'],["'HP:0007941'", "'HP:0003206'", "'HP:0000607'", "'HP:0002731'", "'HP:0012453'", "'HP:0004168'", "'HP:0002310'", "'HP:0002970'"],159.50804376602173
['HP:0030838', 'HP:0200026', 'HP:0001385', 'HP:0000581'],["'HP:0003351'", "'HP:0001385'", "'HP:0100958'", "'HP:0010764'"],147.55440711975098
['HP:0008020', 'HP:0000075', 'HP:0001239', 'HP:0002009'],["'HP:0011517'", "'HP:0005580'", "'HP:0100112'", "'HP:0005891'", "'HP:0002009'"],103.85468173027039
['HP:0010270', 'HP:0007641', 'HP:0001919', 'HP:0005272', 'HP:0003155'],["'HP:0010270'", "'HP:0011518'", "'HP:0100025'", "'HP:0008682'", "'HP:0000288'", "'HP:0010681'", "'HP:0002234'"],142.57178401947021
['HP:0000575', 'HP:0006336', 'HP:0008986', 'HP:0007750', 'HP:0002270', 'HP:0000602'],["'HP:0000575'", "'HP:0000685'", "'HP:0009112'", "'HP:0008060'", "'HP:0012331'", "'HP:0007650'"],128.45383191108704
['HP:0000540', 'HP:0000618', 'HP:0010744', 'HP:0010579', 'HP:0000668', 'HP:0000787', 'HP:0001298', 'HP:0001649'],["'HP:0000484'", "'HP:0012580'", "'HP:0001649'", "'HP:0010037'", "'HP:0009395'", "'HP:0011050'", "'HP:0007875'", "'HP:0006929'"],152.87766981124878
['HP:0010872', 'HP:0007833', 'HP:0005561', 'HP:0005930', 'HP:0000603'],["'HP:0003140'", "'HP:0011484'", "'HP:0100253'", "'HP:0010595'", "'HP:0011838'", "'HP:0000603'"],145.5665545463562
['HP:0011275', 'HP:0000509', 'HP:0003974', 'HP:0002656', 'HP:0001831'],["'HP:0011275'", "'HP:0003784'", "'HP:0007717'", "'HP:0011908'", "'HP:0011251'", "'HP:0010263'", "'HP:0002720'", "'HP:0100366'"],117.58145928382874
['HP:0030953', 'HP:0034427', 'HP:0034804', 'HP:0001155', 'HP:0003999', 'HP:0009702', 'HP:0025102', 'HP:0003040', 'HP:0002011'],["'HP:0001096'", "'HP:0004010'", "'HP:0001241'", "'HP:0012128'"],189.71091628074646
['HP:0000711', 'HP:0000512'],["'HP:0000512'", "'HP:0000711'", "'HP:0011480'", "'HP:0005671'", "'HP:0003840'", "'HP:0008724'"],146.13203883171082
['HP:0011831', 'HP:0010437', 'HP:0007763'],["'HP:0005288'", "'HP:0010396'", "'HP:0000468'", "'HP:0011567'", "'HP:0011533'", "'HP:0009269'"],151.88619756698608
['HP:0000622', 'HP:0100939', 'HP:0000608', 'HP:0011644'],["'HP:0007760'", "'HP:0012830'", "'HP:0100787'", "'HP:0100944'", "'HP:0100728'", "'HP:0011644'", "'HP:0000387'", "'HP:0000555'"],267.06936287879944
['HP:0008609', 'HP:0002656', 'HP:0000518', 'HP:0006579', 'HP:0008255', 'HP:0009004', 'HP:0001901'],["'HP:0008589'", "'HP:0009333'", "'HP:0010693'", "'HP:0001898'", "'HP:0003265'", "'HP:0011752'", "'HP:3000018'"],144.48791766166687
['HP:0009832', 'HP:0000944', 'HP:0000045', 'HP:0003394', 'HP:0002340', 'HP:0000518'],["'HP:0012184'", "'HP:0100204'", "'HP:0004039'", "'HP:0012857'", "'HP:0002191'", "'HP:0009980'", "'HP:0007374'", "'HP:0007834'"],123.38180804252625
['HP:0000486', 'HP:0001762', 'HP:0002381', 'HP:0009566', 'HP:0000047', 'HP:0001043', 'HP:0002652'],["'HP:0010877'", "'HP:0001772'", "'HP:0010524'", "'HP:0100101'", "'HP:0000808'", "'HP:0011438'", "'HP:0001043'", "'HP:0000591'"],159.33446621894836
['HP:0011073', 'HP:0000796', 'HP:0002656', 'HP:0033353', 'HP:0010578', 'HP:0000623'],["'HP:0011075'", "'HP:0000796'", "'HP:0009247'", "'HP:3000026'", "'HP:0100060'", "'HP:0007817'", "'HP:0004931'"],164.7883324623108
['HP:0000551', 'HP:0000141', 'HP:0000132', 'HP:0000858'],["'HP:0011518'", "'HP:0000140'"],110.18940567970276
['HP:0000568', 'HP:0000100', 'HP:0000969', 'HP:0001324', 'HP:0002015', 'HP:0002380', 'HP:0000093'],["'HP:0000568'", "'HP:0000100'", "'HP:0007373'"],117.1767098903656
['HP:0100255', 'HP:0000324', 'HP:0005272', 'HP:0001269'],["'HP:0003411'", "'HP:0011583'", "'HP:0001140'", "'HP:0011218'", "'HP:0000288'", "'HP:0007097'"],119.2190580368042
['HP:0000414', 'HP:0003251', 'HP:0000496', 'HP:0002007', 'HP:0009597', 'HP:0005214'],["'HP:0000414'", "'HP:0012041'", "'HP:3000058'", "'HP:0000341'", "'HP:0009532'", "'HP:0010448'"],111.61813187599182
['HP:0008609', 'HP:0002656', 'HP:0000518', 'HP:0006579', 'HP:0008255', 'HP:0009004', 'HP:0001901'],["'HP:0008589'", "'HP:0009333'", "'HP:0010693'", "'HP:0001898'", "'HP:0003265'", "'HP:0011752'", "'HP:3000018'"],145.11747694015503
['HP:0410175', 'HP:0000164', 'HP:0003201', 'HP:0005930', 'HP:0006009', 'HP:0032397', 'HP:0410030'],["'HP:0001946'", "'HP:0010299'", "'HP:0000360'", "'HP:0009045'", "'HP:0009155'", "'HP:0009852'", "'HP:0011965'", "'HP:0002710'"],147.75363659858704
['HP:0000464', 'HP:0010124', 'HP:0010655', 'HP:0003837', 'HP:0410030', 'HP:0004444', 'HP:0000668', 'HP:0008020'],["'HP:0002544'", "'HP:0010124'", "'HP:0010136'", "'HP:0003837'", "'HP:0011340'", "'HP:0004444'", "'HP:0011054'", "'HP:0008020'"],186.77267813682556
['HP:0100704', 'HP:0009771', 'HP:0200114', 'HP:0001252', 'HP:0004322', 'HP:0000138', 'HP:0006297'],["'HP:0008008'", "'HP:0004195'", "'HP:0200114'", "'HP:0005539'", "'HP:0007715'", "'HP:0001518'", "'HP:0010464'", "'HP:0009722'"],154.93888926506042
['HP:0000496', 'HP:0000239', 'HP:0003701', 'HP:0031249', 'HP:0000519', 'HP:0010660', 'HP:0002896'],["'HP:0008997'", "'HP:0006637'", "'HP:0012247'", "'HP:0007867'", "'HP:0008024'", "'HP:0003914'", "'HP:0012028'", "'HP:0000239'"],200.35029911994934
['HP:0010583', 'HP:0100540', 'HP:0000081', 'HP:0000031', 'HP:0005918', 'HP:0000224', 'HP:0010176'],["'HP:0004223'", "'HP:0100540'", "'HP:0005580'", "'HP:0000031'", "'HP:0004931'", "'HP:0010208'", "'HP:0000224'", "'HP:0011918'"],186.54169988632202
['HP:0000243', 'HP:0003323', 'HP:0100584', 'HP:0200058', 'HP:0002656', 'HP:0430048', 'HP:0003355'],["'HP:0002676'", "'HP:0003750'", "'HP:0011714'", "'HP:0007944'", "'HP:0200059'", "'HP:0010131'", "'HP:0002514'", "'HP:0003355'"],167.5536172389984
['HP:0012414', 'HP:0007418', 'HP:0200114', 'HP:0002900', 'HP:0001761', 'HP:0000974', 'HP:0012841'],["'HP:0012414'", "'HP:0100821'", "'HP:0001960'", "'HP:0004524'", "'HP:0003524'", "'HP:0004696'", "'HP:0007458'", "'HP:0007768'"],177.93179607391357
['HP:0012434', 'HP:0009350', 'HP:0000736', 'HP:0007957', 'HP:0001788', 'HP:0003074', 'HP:0004322', 'HP:0009459'],["'HP:0012434'", "'HP:0100162'", "'HP:0000736'", "'HP:0000480'", "'HP:0001788'", "'HP:0011015'"],176.72184085845947
['HP:0000548', 'HP:0001067', 'HP:0006185', 'HP:0001770', 'HP:0005930', 'HP:0009244', 'HP:0011331'],["'HP:0007688'", "'HP:0009732'", "'HP:0004230'", "'HP:0005873'", "'HP:0009341'", "'HP:0010389'", "'HP:0011331'"],171.29044222831726
['HP:0005930', 'HP:0003467', 'HP:0000324', 'HP:0040078', 'HP:0002308'],["'HP:0010244'", "'HP:0011388'", "'HP:0003467'", "'HP:3000028'", "'HP:0003384'"],154.0076401233673
['HP:0010578', 'HP:0100812', 'HP:0003113', 'HP:0005328', 'HP:0500087'],["'HP:0005360'", "'HP:0009262'", "'HP:0100812'", "'HP:0005579'", "'HP:0007495'", "'HP:0000465'", "'HP:0007950'"],205.175940990448
['HP:0000028', 'HP:0003202', 'HP:0004379', 'HP:0000175', 'HP:0011660', 'HP:0010614'],["'HP:0008689'", "'HP:0200053'", "'HP:0002253'", "'HP:0004379'", "'HP:0012181'", "'HP:0000175'", "'HP:0011660'", "'HP:0010614'"],205.8739058971405
['HP:0000772', 'HP:0003174', 'HP:0046508', 'HP:0000126', 'HP:0000616', 'HP:0003250', 'HP:0000130'],["'HP:0012307'", "'HP:0100865'", "'HP:0004592'", "'HP:0011129'", "'HP:0000616'", "'HP:0003250'", "'HP:0000172'"],185.85489058494568
['HP:0002066', 'HP:0010677', 'HP:0007663', 'HP:0009916', 'HP:0000518', 'HP:0001251', 'HP:0000796', 'HP:0030853', 'HP:0001250'],["'HP:0001115'", "'HP:0010463'", "'HP:0011200'", "'HP:0002317'", "'HP:0011618'", "'HP:0010481'", "'HP:0009916'", "'HP:0010677'"],258.9243309497833
['HP:0000568', 'HP:0002663', 'HP:0007477', 'HP:0034323', 'HP:0004411'],["'HP:0007633'", "'HP:0008828'", "'HP:0007566'", "'HP:0003993'", "'HP:0008240'", "'HP:0002778'", "'HP:0005322'"],208.09198021888733
['HP:0001251', 'HP:0000324', 'HP:0031703', 'HP:0003038', 'HP:0008625', 'HP:0000324', 'HP:0002350', 'HP:0008290'],["'HP:0002350'", "'HP:0010821'", "'HP:0011237'", "'HP:0003038'", "'HP:0012715'", "'HP:0000324'", "'HP:0004825'", "'HP:0008290'"],251.61533093452454
['HP:0002015', 'HP:0001824', 'HP:0000622', 'HP:0002321', 'HP:0000639', 'HP:0034880', 'HP:0008221', 'HP:0032245'],["'HP:0012182'", "'HP:0010981'", "'HP:0010545'", "'HP:0008231'"],203.87480902671814
['HP:0001511', 'HP:0012743'],["'HP:0001511'", "'HP:0001579'", "'HP:0005365'", "'HP:0008049'", "'HP:0011260'", "'HP:0003118'"],228.5957407951355
['HP:0009565'],["'HP:0009633'", "'HP:0008486'", "'HP:0012675'", "'HP:0011600'", "'HP:0000657'", "'HP:0000076'", "'HP:0010419'", "'HP:0009558'"],305.99721336364746
['HP:0000505', 'HP:0002315', 'HP:0007957', 'HP:0006590', 'HP:0008812', 'HP:0001967', 'HP:0000846', 'HP:0007939'],["'HP:0010571'", "'HP:0007939'", "'HP:0012038'", "'HP:0006643'", "'HP:0008812'", "'HP:0001967'", "'HP:0000846'", "'HP:0012228'"],222.93674874305725
['HP:0410030', 'HP:0009836', 'HP:0012577', 'HP:0002645', 'HP:0000980', 'HP:0001903', 'HP:0012432', 'HP:0002094'],["'HP:0010414'", "'HP:0000921'", "'HP:0012577'", "'HP:0000175'", "'HP:0012800'", "'HP:0001017'"],215.32921242713928
['HP:0001251', 'HP:0000324', 'HP:0031703', 'HP:0003038', 'HP:0008625', 'HP:0000324', 'HP:0002350', 'HP:0008290'],["'HP:0002350'", "'HP:0010821'", "'HP:0011237'", "'HP:0003038'", "'HP:0012715'", "'HP:0000324'", "'HP:0004825'", "'HP:0008290'"],258.0932960510254
['HP:0000518', 'HP:0034323', 'HP:0000324', 'HP:0011031', 'HP:0002023', 'HP:0006597', 'HP:0001518'],["'HP:0007657'", "'HP:0009927'", "'HP:0000839'", "'HP:0009940'", "'HP:0011031'", "'HP:0005235'", "'HP:0009109'", "'HP:0004399'"],238.19502115249634
